Id,FacilityPoints,XX,YY
4,4,612684.883012,1189202.66477
9,9,612684.883012,1189252.66477
14,14,612684.883012,1189302.66477
19,19,612684.883012,1189352.66477
24,24,612684.883012,1189402.66477
29,29,612684.883012,1189452.66477
34,34,612684.883012,1189502.66477
39,39,612684.883012,1189552.66477
44,44,612684.883012,1189602.66477
49,49,612711.842339,1189632.61556
