Id,FacilityPoints,XX,YY
3,3,612684.883012,1189192.66477
8,8,612684.883012,1189242.66477
13,13,612684.883012,1189292.66477
18,18,612684.883012,1189342.66477
23,23,612684.883012,1189392.66477
28,28,612684.883012,1189442.66477
33,33,612684.883012,1189492.66477
38,38,612684.883012,1189542.66477
43,43,612684.883012,1189592.66477
48,48,612702.265361,1189629.7378
